-- phpMyAdmin SQL Dump
-- version 5.2.1
-- https://www.phpmyadmin.net/
--
-- Host: 127.0.0.1
-- Generation Time: Aug 29, 2024 at 11:40 AM
-- Server version: 10.4.28-MariaDB
-- PHP Version: 8.2.4

SET SQL_MODE = "NO_AUTO_VALUE_ON_ZERO";
START TRANSACTION;
SET time_zone = "+00:00";


/*!40101 SET @OLD_CHARACTER_SET_CLIENT=@@CHARACTER_SET_CLIENT */;
/*!40101 SET @OLD_CHARACTER_SET_RESULTS=@@CHARACTER_SET_RESULTS */;
/*!40101 SET @OLD_COLLATION_CONNECTION=@@COLLATION_CONNECTION */;
/*!40101 SET NAMES utf8mb4 */;

--
-- Database: `shoping_cart`
--

-- --------------------------------------------------------

--
-- Table structure for table `bank`
--

CREATE TABLE `bank` (
  `bank_ID` int(11) NOT NULL,
  `bank_name` varchar(255) NOT NULL,
  `bank_account` varchar(255) NOT NULL
) ENGINE=InnoDB DEFAULT CHARSET=utf8mb4 COLLATE=utf8mb4_general_ci;

--
-- Dumping data for table `bank`
--

INSERT INTO `bank` (`bank_ID`, `bank_name`, `bank_account`) VALUES
(1, '--กรุณาเลือกธนาคาร--', ''),
(2, 'ไทยพาณิชย์', '014725836369'),
(3, 'กสิกร', '0123456789'),
(4, 'ออมสิน', '123456789');

-- --------------------------------------------------------

--
-- Table structure for table `days`
--

CREATE TABLE `days` (
  `days_ID` int(11) NOT NULL,
  `days_number` date NOT NULL,
  `days_name` varchar(255) NOT NULL,
  `days_detail` varchar(255) NOT NULL
) ENGINE=InnoDB DEFAULT CHARSET=utf8mb4 COLLATE=utf8mb4_general_ci;

--
-- Dumping data for table `days`
--

INSERT INTO `days` (`days_ID`, `days_number`, `days_name`, `days_detail`) VALUES
(2, '2024-01-04', 'วันพระ', 'วันพฤหัสบดีที่ 4 มกราคม 2567 แรม 8 ค่ำ เดือน 1'),
(3, '2024-01-10', 'วันพระ', 'วันพุธที่ 10 มกราคม 2567 แรม 14 ค่ำ เดือน 1'),
(4, '2024-01-18', 'วันพระ', 'วันพฤหัสบดีที่ 18 มกราคม 2567 ขึ้น 8 ค่ำ เดือน 2'),
(5, '2024-01-25', 'วันพระ', 'วันพฤหัสบดีที่ 25 มกราคม 2567 ขึ้น 15 ค่ำ เดือน 2'),
(6, '2024-02-02', 'วันพระ', 'วันศุกร์ที่ 2 กุมภาพันธ์ 2567แรม ๘ ค่ำ เดือนยี่(๒) ปีเถาะ'),
(8, '2024-02-09', 'วันพระ', 'วันศุกร์ที่ 9 กุมภาพันธ์ 2567 แรม ๑๕ ค่ำ เดือนยี่(๒) ปีเถาะ'),
(9, '2024-02-17', 'วันพระ', 'วันเสาร์ที่ 17 กุมภาพันธ์ 2567 ขึ้น ๘ ค่ำ เดือนสาม(๓) ปีเถาะ'),
(10, '2024-02-24', 'วันมาฆบูชา', 'วันเสาร์ที่ 24 กุมภาพันธ์ 2567 ขึ้น ๑๕ ค่ำ เดือนสาม(๓) ปีเถาะ'),
(11, '2024-03-03', 'วันพระ', 'วันอาทิตย์ที่ 3 มีนาคม 2567 แรม ๘ ค่ำ เดือนสาม(๓) ปีเถาะ'),
(12, '2024-03-09', 'วันพระ', 'วันเสาร์ที่ 9 มีนาคม 2567 แรม ๑๔ ค่ำ เดือนสาม(๓) ปีเถาะ'),
(13, '2024-03-17', 'วันพระ', 'วันอาทิตย์ที่ 17 มีนาคม 2567 ขึ้น ๘ ค่ำ เดือนสี่(๔) ปีเถาะ'),
(14, '2024-03-24', 'วันพระ', 'วันอาทิตย์ที่ 24 มีนาคม 2567 ขึ้น ๑๕ ค่ำ เดือนสี่(๔) ปีเถาะ'),
(15, '2024-04-01', 'วันพระ', 'วันจันทร์ที่ 1 เมษายน 2567 แรม ๘ ค่ำ เดือนสี่(๔) ปีเถาะ'),
(16, '2024-04-08', 'วันพระ', 'วันจันทร์ที่ 8 เมษายน 2567 แรม ๑๕ ค่ำ เดือนสี่(๔) ปีเถาะ'),
(17, '2024-04-16', 'วันพระ', 'วันอังคารที่ 16 เมษายน 2567 ขึ้น ๘ ค่ำ เดือนห้า(๕) ปีมะโรง'),
(18, '2024-04-23', 'วันพระ', 'วันอังคารที่ 23 เมษายน 2567 ขึ้น ๑๕ ค่ำ เดือนห้า(๕) ปีมะโรง'),
(19, '2024-05-01', 'วันพระ', 'วันพุธที่ 1 พฤษภาคม 2567 แรม ๘ ค่ำ เดือนห้า(๕) ปีมะโรง'),
(20, '2024-05-07', 'วันพระ', 'วันอังคารที่ 7 พฤษภาคม 2567 แรม ๑๔ ค่ำ เดือนห้า(๕) ปีมะโรง'),
(21, '2024-05-15', 'วันพระ', 'วันพุธที่ 15 พฤษภาคม 2567 ขึ้น ๘ ค่ำ เดือนหก(๖) ปีมะโรง'),
(22, '2024-05-22', 'วันวิสาขบูชา', 'วันพุธที่ 22 พฤษภาคม 2567 ขึ้น ๑๕ ค่ำ เดือนหก(๖) ปีมะโรง'),
(23, '2024-05-30', 'วันอัฏฐมีบูชา', 'วันพฤหัสบดีที่ 30 พฤษภาคม 2567 แรม ๘ ค่ำ เดือนหก(๖) ปีมะโรง'),
(24, '2024-06-06', 'วันพระ', 'วันพฤหัสบดีที่ 6 มิถุนายน 2567 แรม ๑๕ ค่ำ เดือนหก(๖) ปีมะโรง'),
(25, '2024-06-14', 'วันพระ', 'วันศุกร์ที่ 14 มิถุนายน 2567 ขึ้น ๘ ค่ำ เดือนเจ็ด(๗) ปีมะโรง'),
(26, '2024-06-21', 'วันพระ', 'วันศุกร์ที่ 21 มิถุนายน 2567 ขึ้น ๑๕ ค่ำ เดือนเจ็ด(๗) ปีมะโรง'),
(27, '2024-06-29', 'วันพระ', 'วันเสาร์ที่ 29 มิถุนายน 2567 แรม ๘ ค่ำ เดือนเจ็ด(๗) ปีมะโรง'),
(28, '2024-07-05', 'วันพระ', 'วันศุกร์ที่ 5 กรกฎาคม 2567 แรม ๑๔ ค่ำ เดือนเจ็ด(๗) ปีมะโรง'),
(29, '2024-07-13', 'วันพระ', 'วันเสาร์ที่ 13 กรกฎาคม 2567 ขึ้น ๘ ค่ำ เดือนแปด(๘) ปีมะโรง'),
(31, '2024-07-20', 'วันอาสาฬหบูชา', 'วันเสาร์ที่ 20 กรกฎาคม 2567 ขึ้น ๑๕ ค่ำ เดือนแปด(๘) ปีมะโรง'),
(32, '2024-07-21', 'วันเข้าพรรษา', 'วันอาทิตย์ที่ 21 กรกฎาคม 2567 แรม ๑ ค่ำ เดือนแปด(๘) ปีมะโรง'),
(33, '2024-07-28', 'วันพระ', 'วันอาทิตย์ที่ 28 กรกฎาคม 2567 แรม ๘ ค่ำ เดือนแปด(๘) ปีมะโรง'),
(34, '2024-08-04', 'วันพระ', 'วันอาทิตย์ที่ 4 สิงหาคม 2567 แรม ๑๕ ค่ำ เดือนแปด(๘) ปีมะโรง'),
(35, '2024-08-12', 'วันพระ', 'วันจันทร์ที่ 12 สิงหาคม 2567 ขึ้น ๘ ค่ำ เดือนเก้า(๙) ปีมะโรง'),
(36, '2024-08-19', 'วันพระ', 'วันจันทร์ที่ 19 สิงหาคม 2567 ขึ้น ๑๕ ค่ำ เดือนเก้า(๙) ปีมะโรง'),
(37, '2024-08-27', 'วันพระ', 'วันอังคารที่ 27 สิงหาคม 2567 แรม ๘ ค่ำ เดือนเก้า(๙) ปีมะโรง'),
(38, '2024-09-02', 'วันพระ', 'วันจันทร์ที่ 2 กันยายน 2567 แรม ๑๔ ค่ำ เดือนเก้า(๙) ปีมะโรง'),
(39, '2024-09-10', 'วันพระ', 'วันอังคารที่ 10 กันยายน 2567 ขึ้น ๘ ค่ำ เดือนสิบ(๑๐) ปีมะโรง'),
(40, '2024-09-17', 'วันพระ', 'วันอังคารที่ 17 กันยายน 2567 ขึ้น ๑๕ ค่ำ เดือนสิบ(๑๐) ปีมะโรง'),
(41, '2024-09-25', 'วันพระ', 'วันพุธที่ 25 กันยายน 2567 แรม ๘ ค่ำ เดือนสิบ(๑๐) ปีมะโรง'),
(43, '2024-10-02', 'วันพระ', 'วันพุธที่ 2 ตุลาคม 2567 แรม ๑๕ ค่ำ เดือนสิบ(๑๐) ปีมะโรง'),
(44, '2024-10-10', 'วันพระ', 'วันพฤหัสบดีที่ 10 ตุลาคม 2567 ขึ้น ๘ ค่ำ เดือนสิบเอ็ด(๑๑) ปีมะโรง'),
(45, '2024-10-17', 'วันออกพรรษา', 'วันพฤหัสบดีที่ 17 ตุลาคม 2567 ขึ้น ๑๕ ค่ำ เดือนสิบเอ็ด(๑๑) ปีมะโรง'),
(46, '2024-10-25', 'วันพระ', 'วันศุกร์ที่ 25 ตุลาคม 2567 แรม ๘ ค่ำ เดือนสิบเอ็ด(๑๑) ปีมะโรง'),
(47, '2024-10-31', 'วันพระ', 'วันพฤหัสบดีที่ 31 ตุลาคม 2567 แรม ๑๔ ค่ำ เดือนสิบเอ็ด(๑๑) ปีมะโรง'),
(48, '2024-11-08', 'วันพระ', 'วันศุกร์ที่ 8 พฤศจิกายน 2567 ขึ้น ๘ ค่ำ เดือนสิบสอง(๑๒) ปีมะโร'),
(49, '2024-11-15', 'วันพระ', 'วันศุกร์ที่ 15 พฤศจิกายน 2567 ขึ้น ๑๕ ค่ำ เดือนสิบสอง(๑๒) ปีมะโรง'),
(50, '2024-11-23', 'วันพระ', 'วันเสาร์ที่ 23 พฤศจิกายน 2567 แรม ๘ ค่ำ เดือนสิบสอง(๑๒) ปีมะโรง'),
(51, '2024-11-30', 'วันพระ', 'วันเสาร์ที่ 30 พฤศจิกายน 2567 แรม ๑๕ ค่ำ เดือนสิบสอง(๑๒) ปีมะโรง'),
(52, '2024-12-08', 'วันพระ', 'วันอาทิตย์ที่ 8 ธันวาคม 2567 ขึ้น ๘ ค่ำ เดือนอ้าย(๑) ปีมะโรง'),
(53, '2024-12-15', 'วันพระ', 'วันอาทิตย์ที่ 15 ธันวาคม 2567 ขึ้น ๑๕ ค่ำ เดือนอ้าย(๑) ปีมะโรง'),
(54, '2024-12-23', 'วันพระ', 'วันจันทร์ที่ 23 ธันวาคม 2567 แรม ๘ ค่ำ เดือนอ้าย(๑) ปีมะโรง'),
(55, '2024-12-29', 'วันพระ', 'วันอาทิตย์ที่ 29 ธันวาคม 2567 แรม ๑๔ ค่ำ เดือนอ้าย(๑) ปีมะโรง');

-- --------------------------------------------------------

--
-- Table structure for table `news`
--

CREATE TABLE `news` (
  `news_ID` int(11) NOT NULL,
  `user_ID` int(11) NOT NULL,
  `news_detail` longtext NOT NULL,
  `news_title` varchar(255) NOT NULL,
  `news_img` varchar(255) NOT NULL
) ENGINE=InnoDB DEFAULT CHARSET=utf8mb4 COLLATE=utf8mb4_general_ci;

--
-- Dumping data for table `news`
--

INSERT INTO `news` (`news_ID`, `user_ID`, `news_detail`, `news_title`, `news_img`) VALUES
(2, 5, 'จังหวัดชลบุรี ประกาศจัดงานนมัสการพระพุทธสิหิงค์และงานสงกรานต์จังหวัดชลบุรี ประจำปี 2567 ระหว่างวันที่  11- 19 เมษายน 2567 ณ สนามหน้าศาลากลางและพื้นที่ใกล้เคียง โดยงานในปีนี้จัดขึ้นเป็นปีที่ 92 แล้ว ไฮไลต์ภายในงานจะมีการร่วมสรงน้ำพระพุทธสิหิงค์ฯ ประกวดนางสงกรานต์จังหวัดชลบุรี การเดินแบบผ้าไทย ขบวนแห่สงกรานต์', 'งานนมัสการพระพุทธสิหิงค์', '6-2.jpg'),
(3, 5, '1 ปี 1 หน 1 คำขอ...เป็นจริง สายมู ผู้แสวงบุญ เตรียมตัวกันได้เลย กับ \"งานประเพณีนมัสการรอยพระพุทธบาทพลวง เขาคิชฌกูฏ ประจำปี 2567 \" เริ่มตั้งแต่วันที่ 10 กุมภาพันธ์ ถึง 9 เมษายน 2567 พิธีบวงสรวง \"ปิดป่า - เปิดงาน\" วันที่ 8 กุมภาพันธ์ 2567', 'งานประเพณีนมัสการรอยพระพุทธบาทพลวง เขาคิชฌกูฏ ประจำปี 2567', '65d72b174232ee240222061910.jpg'),
(7, 5, 'งาน ประจำปี ปิดทอง หลวงพ่อใหญ่ และอดีตเจ้าอาวาส วัดไผ่ล้อม  วันที่ 10-18 กุมภาพันธ์ 2567 วัดไผ่ล้อม  ตำบลบางป่า อำเภอเมือง จังหวัดราชบุรี   ขมการแสดงทุกคืน 10 ก.พ. 67 ส.หาดสวรรค์ เพชรบุรี 11 ก.พ. 67 รำวงย้อนยุค ลูกน้ำ คอมโบ้ 12 ก.พ. 67 ทรัพย์เจริญ ภาพยนตร์ 13 ก.พ. 67 กิ่งแก้ว โคราช 14 ก.พ. 67 ทรัพย์เจริญ ภาพยนตร์ 15 ก.พ. 67 ลิเกคณะ วัฒนา อนันต์ 16 ก.พ. 67 เสือสองเล 17 ก.พ. 67 ทรัพย์เจริญ ภาพยนตร์ 18 ก.พ. 67 ไรอัล กาจบัณฑิต', 'งานประจำปีปิดทอง หลวงพ่อใหญ่ วัดไผ่ล้อม ราชบุรี 10-18 กุมภาพันธ์ 2567', '65c5f81cc5ad1.jpg'),
(8, 5, 'งานนมัสการ พระบรมสารีริกธาตุ องค์พระธาตุบังพวน ประจำปี 2567 วัดพระธาตุบังพวน ตำบลพระธาตุบังพวน อำเภอเมือง จังหวัดหนองคาย วันที่ 20-24 กุมภาพันธ์ 2567 กำหนดการสำคัญ 20 ก.พ. 67 เชิญพระอุปคุต & พิธีเปิดงาน & บวชชีพราหมณ์ 24 ก.พ. 67 กลางวัน ตั้งโรงทาน & ลำกลอนประยุกต์ & สู่ขวัญข้าว , กลางคืน ใหม่ พัชรี ชมการแสดง 21 ก.พ. 67 หมอลำใจเกินร้อย 22 ก.พ. 67', 'นมัสการ พระบรมสารีริกธาตุ องค์พระธาตุบังพวน ประจำปี 20-24 กุมภาพันธ์ 2567', '65d732129b48c.jpg'),
(9, 5, 'งานประจำปีปิดทองหลวงพ่อเดิม วัดหนองโพ ตำบลหนองโพ อำเภอตาคลี จังหวัดนครสวรรค์ วันที่ 21-25 กุมภาพันธ์ 2567  การแสดง 22 ก.พ. 67 ลิเกคณะ ศรราม น้ำเพชร 23 ก.พ. 67 รำวงย้อนยุค กิ่งแก้ว โคราช 24 ก.พ. 67 บัวผัน ทังโส & ศรีจันทร์ วีสี 25 ก.พ. 67 ลำไย ไหทองคำ', 'งานประจำปีปิดทองหลวงพ่อเดิม วัดหนองโพ ตาคลี 21-25 กุมภาพันธ์ 2567', '65d72898bd0b7.jpg'),
(10, 5, 'งานประจำปีปิดทองรอยพระพุทธบาทจำลอง รูปหล่อหลวงพ่อชา หลวงพ่อฉ่ำ พระครูสังฆการโกวิท (หลวงพ่อวรรณ) ณ วัดสามกระบือเผือก ตำบลสามควายเผือก อำเภอเมืองนครปฐม จังหวัดนครปฐม วันที่ 21-25 กุมภาพันธ์ 2567', 'งานประจำปีปิดทอง วัดสามกระบือเผือก 21-25 กุมภาพันธ์ 2567', '65d728ffd9336.jpg'),
(11, 5, 'งานประจำปีปิดทอง ไหว้พระขึ้นเขาเพ็ญเดือนสาม วัดเขารูปช้าง ตำบลดงป่าคำ อำเภอเมืองพิจิตร จังหวัดพิจิตร วันที่ 21-25 กุมภาพันธ์ 2567', 'งานประจำปีปิดทอง วัดเขารูปช้าง 21-25 กุมภาพันธ์ 2567', '65d729693085e.jpg'),
(12, 5, 'เรียนเชิญชาวไทย ร่วมงานเทศกาลปิดทองพระเจ้าใหญ่ ปีที่ 79 วันที่ 23-29 กุมภาพันธ์ 67 ณ วัดหงษ์ บ.ศรีษะแรต ต.เฟือง อ.พุทไธสง จ.บุรีรัมย์  กิจกรรมในงาน ฟ้อนรำถวายบวงสรวง / ทำบุญปิดทองพระเจ้าใหญ่ / บูธกาชาด / สวนสนุก / ชิม ช้อป ร้านค้า อื่นๆ ชมการแสดงหมอลำ ฟรี ทุกคืน\r\n23 ก.พ. 67 หมอลำเสียงวิหค นก พงศกร', 'เทศกาลปิดทองพระเจ้าใหญ่ วัดหงษ์ อ.พุทไธสง บุรีรัมย์ (23-29 กุมภาพันธ์ 67)', '65c0b911a7edb.jpg');

-- --------------------------------------------------------

--
-- Table structure for table `orders`
--

CREATE TABLE `orders` (
  `or_ID` int(11) NOT NULL,
  `or_date` date NOT NULL,
  `user_ID` int(11) NOT NULL,
  `or_sta_ID` int(11) NOT NULL,
  `bank_ID` int(11) DEFAULT NULL,
  `track_code` varchar(255) NOT NULL,
  `total` int(255) NOT NULL,
  `img_p` varchar(255) NOT NULL,
  `options` varchar(255) NOT NULL
) ENGINE=InnoDB DEFAULT CHARSET=utf8mb4 COLLATE=utf8mb4_general_ci;

--
-- Dumping data for table `orders`
--

INSERT INTO `orders` (`or_ID`, `or_date`, `user_ID`, `or_sta_ID`, `bank_ID`, `track_code`, `total`, `img_p`, `options`) VALUES
(1, '2024-07-08', 2, 1, 3, '-', 105, '449918702_491030226718767_1475632674474792339_n.jpg', '');

-- --------------------------------------------------------

--
-- Table structure for table `or_detail`
--

CREATE TABLE `or_detail` (
  `or_d_id` int(11) NOT NULL,
  `product_ID` int(11) NOT NULL,
  `pd_name` varchar(255) NOT NULL,
  `price` int(11) NOT NULL DEFAULT 0,
  `quantity` int(11) NOT NULL DEFAULT 0,
  `total` int(11) NOT NULL DEFAULT 0
) ENGINE=InnoDB DEFAULT CHARSET=utf8mb4 COLLATE=utf8mb4_general_ci;

--
-- Dumping data for table `or_detail`
--

INSERT INTO `or_detail` (`or_d_id`, `product_ID`, `pd_name`, `price`, `quantity`, `total`) VALUES
(1, 4, 'ไฟฉาย', 45, 1, 45),
(1, 5, 'ไฟฉาย', 45, 1, 45),
(1, 6, 'ซอล์กันมด', 15, 1, 15),
(2, 3, 'เทียน', 20, 1, 20),
(2, 4, 'ไฟฉาย', 45, 1, 45);

-- --------------------------------------------------------

--
-- Table structure for table `or_status`
--

CREATE TABLE `or_status` (
  `or_sta_ID` int(11) NOT NULL,
  `or_sta_name` varchar(255) NOT NULL
) ENGINE=InnoDB DEFAULT CHARSET=utf8mb4 COLLATE=utf8mb4_general_ci;

--
-- Dumping data for table `or_status`
--

INSERT INTO `or_status` (`or_sta_ID`, `or_sta_name`) VALUES
(1, 'รอดำเนินการ'),
(2, 'เตรียมจัดของ'),
(3, 'เตรียมส่ง'),
(4, 'จัดส่ง'),
(5, 'เสร็จสิ้น');

-- --------------------------------------------------------

--
-- Table structure for table `products`
--

CREATE TABLE `products` (
  `product_ID` int(11) NOT NULL,
  `p_name` varchar(255) NOT NULL,
  `p_price` int(255) NOT NULL DEFAULT 0,
  `p_qty` int(255) NOT NULL,
  `p_img` varchar(255) DEFAULT NULL,
  `p_detail` varchar(255) NOT NULL,
  `pd_type_ID` int(11) NOT NULL,
  `pd_status` int(255) DEFAULT NULL
) ENGINE=InnoDB DEFAULT CHARSET=utf8mb4 COLLATE=utf8mb4_general_ci;

--
-- Dumping data for table `products`
--

INSERT INTO `products` (`product_ID`, `p_name`, `p_price`, `p_qty`, `p_img`, `p_detail`, `pd_type_ID`, `pd_status`) VALUES
(1, 'เทียน', 20, 100, 'เทียน.jfif', 'เทียนขนาดเล็ก 1 คู่', 3, 1),
(2, 'เทียน', 20, 100, 'เทียน.jpg', 'เทียนขนาดเล็ก 1 คู่', 3, 1),
(3, 'เทียน', 20, 100, 'เทียน.jpg', 'เทียน', 0, NULL),
(4, 'ไฟฉาย', 45, 96, 'ไฟฉายเหลือง.jpg', 'ไฟฉาย สีเหลืง', 3, NULL),
(5, 'ไฟฉาย', 45, 99, 'ไฟฉายดำ.jpg', 'ไฟฉาย สีดำ', 3, NULL),
(6, 'ซอล์กันมด', 15, 48, 'ชอล์กัดมด.jfif', 'ซอล์กันมด', 3, NULL),
(7, 'ทิชชู่ sally', 20, 100, 'ทิซซู่ เหลือง.jpg', 'ทิชชู่ ห่อเล็ก สีเหลือง', 3, NULL),
(8, 'ทิชชู่ sally', 20, 50, 'ทิซซู่ ขาว.jpg', 'ทิชชู่ ห่อเล็ก สีขาว', 3, NULL),
(9, 'ทิชชู่ sally', 20, 46, 'ทิซซู่ น้ำตาล.jpg', 'ทิชชู่ ห่อเล็ก สีน้ำตาล', 3, NULL),
(10, 'ทิชชู่ zilk', 15, 200, 'ทิซซู่ ม่วน.jfif', 'ทิชชู่แบบม้วน', 3, NULL),
(11, 'ธูป', 35, 50, 'ธูป.jfif', 'ธูปห่อเล็ก', 3, NULL),
(12, 'น้ำยาซักผ้า แอทแทค', 10, 97, 'น้ำยาซักผ้า.jpg', 'น้ำยาซักผ้า ห่อเล็ก', 3, NULL),
(13, 'น้ำยาล้างจาน ไลปอนเอฟ', 18, 100, 'น้ำยาล้างจาน ไลปอนเอฟ.jfif', 'น้ำบาล้างจาน ยี่ห้อไลปอนเอฟ ขวดเล็ก', 3, NULL),
(14, 'น้ำยาล้างจาน ซันไลน์', 18, 100, 'น้ำยาล้างจาน ซันไลน์.jfif', 'น้ำยาล้างจาน ยี่ห้อซันไลน์ ขวดเล็ก', 3, NULL),
(15, 'ผงซักฟอก อีซี', 20, 100, 'ผงซักฟอก ขาว.jfif', 'ผงซักฟอก อีซี สีขาว', 3, NULL),
(16, 'ผงซักฟอก อีซี', 20, 100, 'ผงซักฟอก ชมพู.jfif', 'ผงซักฟอก อีซี สีชมพู', 3, NULL),
(17, 'ผงซักฟอก อีซี', 20, 100, 'ผงซักฟอก ม่วง.jfif', 'ผงซักฟอก อีซี สีม่วง', 3, NULL),
(18, 'มีดโกนหนวด', 15, 100, 'มีดโกน.jfif', 'มีดโกนหนวดสีเหลือง', 3, NULL),
(19, 'ยาจุดกันยุง ช้างเวป', 31, 100, 'ยากัดยุ่ง.jfif', 'ยาจุดกันยุง ช้างเวป กลิ่นลาเวนเดอร์', 3, NULL),
(20, 'ยาสระผม ซันซิล', 20, 0, 'ยาสระผม เขียว.jfif', 'ยาสระผม ซันซิล สีเขียว', 3, NULL),
(21, 'ยาสระผม ซันซิล', 20, 100, 'ยาสระผม ชมพู.jfif', 'ยาสระผม ซันซิล สีชมพู', 3, NULL),
(22, 'ยาสระผม ซันซิล', 20, 100, 'ยาสระผม ส้ม.jfif', 'ยาสระผม ซันซิล สีส้ม', 3, NULL),
(23, 'ยาสีฟัน คอลเกด', 18, 100, 'ยาสีฟัน คอลเกล.jfif', 'ยาสีฟัน คอลเกด เล็ก', 3, NULL),
(24, 'รองเท้าสำหรับพระสงฆ์', 139, 100, 'รองเท้า ดำ.jfif', 'รองเท้าสำหรับพระสงฆ์ สีดำ', 3, NULL),
(25, 'รองเท้าสำหรับพระสงฆ์', 139, 100, 'รองเท้า ดำอ่อน.jfif', 'รองเท้าสำหรับพระสงฆ์ สีดำอ่อน', 3, NULL),
(26, 'รองเท้าสำหรับพระสงฆ์', 139, 100, 'รองเท้า น้ำตาล.jfif', 'รองเท้าสำหรับพระสงฆ์ สีน้ำตาล', 3, NULL),
(27, 'รองเท้าสำหรับพระสงฆ์', 139, 100, 'รองเท้า น้ำตาลอ่อน.jfif', 'รองเท้าสำหรับพระสงฆ์ สีน้ำตาลอ่อน', 3, NULL),
(28, 'รองเท้าสำหรับพระสงฆ์', 99, 100, 'รองเท้า.jfif', 'รองเท้าสำหรับพระสงฆ์ หูหนีบ', 3, NULL),
(29, 'ยาสระผม รีจอยส์', 20, 100, 'รีจอย เหลือง.jfif', 'ยาสระผม รีจอยส์ สีเหลือง', 3, NULL),
(30, 'ยาสระผม รีจอยส์', 20, 100, 'รีจอย ฟ้า.jfif', 'ยาสระผม รีจอยส์ สีฟ้า', 3, NULL),
(31, 'ยาสระผม รีจอยส์', 20, 100, 'รีจอย ส้ม.jfif', 'ยาสระผม รีจอยส์ สีส้ม', 3, NULL),
(32, 'สบู่ ลักส์', 15, 100, 'สบู่รัก ขาว.jfif', 'สบู่ ลักส์ ขาว', 3, NULL),
(33, 'สบู่ ลักส์', 15, 100, 'สบู่รัก ชมพู.jfif', 'สบู่ ลักส์ ชมพู', 3, NULL),
(34, 'สบู่ ลักส์', 15, 100, 'สบู่รัก ชมพูอ่อน.jfif', 'สบู่ ลักส์ ชมพูอ่อน', 3, NULL),
(35, 'สบู่ ลักส์', 15, 100, 'สบู่รัก ม่วง.jfif', 'สบู่ ลักส์ ม่วง', 3, NULL),
(36, 'หนังสือรักธรรม', 99, 100, 'หนังสือรักธรรม.jfif', 'หนังสือรักธรรม', 3, NULL),
(37, 'หนังสือสวดมนต์', 99, 100, 'หนังสือสวดมนต์.jfif', 'หนังสือสวดมนต์', 3, NULL),
(38, 'อังสะ สีแก่นขนุน ไซต์ S', 165, 100, 'แก่นขนุน.jfif', 'ผ้าซันฟอไรซ์อย่างดี สีไม่ตก ตะเข็บไม่แตกแน่นหนา', 5, NULL),
(39, 'อังสะ สีแก่นขนุน ไซต์ M', 190, 100, 'แก่นขนุน.jfif', 'ผ้าซันฟอไรซ์อย่างดี สีไม่ตก ตะเข็บไม่แตกแน่นหนา', 5, NULL),
(40, 'อังสะ สีแก่นขนุน ไซต์ L', 200, 100, 'แก่นขนุน.jfif', 'ผ้าซันฟอไรซ์อย่างดี สีไม่ตก ตะเข็บไม่แตกแน่นหนา', 5, NULL),
(41, 'อังสะ สีแก่นขนุน ไซต์ XL', 235, 100, 'แก่นขนุน.jfif', 'ผ้าซันฟอไรซ์อย่างดี สีไม่ตก ตะเข็บไม่แตกแน่นหนา', 5, NULL),
(42, 'อังสะ สีแก่นขนุน ไซต์ XXL', 270, 100, 'แก่นขนุน.jfif', 'ผ้าซันฟอไรซ์อย่างดี สีไม่ตก ตะเข็บไม่แตกแน่นหนา', 5, NULL),
(43, 'อังสะ สีกรักแดง ไซต์ S', 165, 100, 'กรักแดง.jfif', 'ผ้าซันฟอไรซ์อย่างดี สีไม่ตก ตะเข็บไม่แตกแน่นหนา', 5, NULL),
(44, 'อังสะ สีกรักแดง ไซต์ M', 190, 100, 'กรักแดง.jfif', 'ผ้าซันฟอไรซ์อย่างดี สีไม่ตก ตะเข็บไม่แตกแน่นหนา', 5, NULL),
(45, 'อังสะ สีกรักแดง ไซต์ L', 200, 100, 'กรักแดง.jfif', 'ผ้าซันฟอไรซ์อย่างดี สีไม่ตก ตะเข็บไม่แตกแน่นหนา', 5, NULL),
(46, 'อังสะ สีกรักแดง ไซต์ XL', 235, 100, 'กรักแดง.jfif', 'ผ้าซันฟอไรซ์อย่างดี สีไม่ตก ตะเข็บไม่แตกแน่นหนา', 5, NULL),
(47, 'อังสะ สีกรักแดง ไซต์ XXL', 270, 100, 'กรักแดง.jfif', 'ผ้าซันฟอไรซ์อย่างดี สีไม่ตก ตะเข็บไม่แตกแน่นหนา', 5, NULL),
(48, 'อังสะ สีกรักกลาง ไซต์ S', 165, 100, 'กรักกลาง.jfif', 'ผ้าซันฟอไรซ์อย่างดี สีไม่ตก ตะเข็บไม่แตกแน่นหนา', 5, NULL),
(49, 'อังสะ สีกรักกลาง ไซต์ M', 190, 100, 'กรักกลาง.jfif', 'ผ้าซันฟอไรซ์อย่างดี สีไม่ตก ตะเข็บไม่แตกแน่นหนา', 5, NULL),
(50, 'อังสะ สีกรักกลาง ไซต์ L', 200, 100, 'กรักกลาง.jfif', 'ผ้าซันฟอไรซ์อย่างดี สีไม่ตก ตะเข็บไม่แตกแน่นหนา', 5, NULL),
(51, 'อังสะ สีกรักกลาง ไซต์ XL', 235, 100, 'กรักกลาง.jfif', 'ผ้าซันฟอไรซ์อย่างดี สีไม่ตก ตะเข็บไม่แตกแน่นหนา', 5, NULL),
(52, 'อังสะ สีกรักกลาง ไซต์ XXL', 270, 100, 'กรักกลาง.jfif', 'ผ้าซันฟอไรซ์อย่างดี สีไม่ตก ตะเข็บไม่แตกแน่นหนา', 5, NULL),
(53, 'อังสะ สีกรักดำ ไซต์ S', 165, 100, 'กรักดำ.jfif', 'ผ้าซันฟอไรซ์อย่างดี สีไม่ตก ตะเข็บไม่แตกแน่นหนา', 5, NULL),
(54, 'อังสะ สีกรักดำ ไซต์ M', 190, 100, 'กรักดำ.jfif', 'ผ้าซันฟอไรซ์อย่างดี สีไม่ตก ตะเข็บไม่แตกแน่นหนา', 5, NULL),
(55, 'อังสะ สีกรักดำ ไซต์ L', 200, 100, 'กรักดำ.jfif', 'ผ้าซันฟอไรซ์อย่างดี สีไม่ตก ตะเข็บไม่แตกแน่นหนา', 5, NULL),
(56, 'อังสะ สีกรักดำ ไซต์ XL', 235, 100, 'กรักดำ.jfif', 'ผ้าซันฟอไรซ์อย่างดี สีไม่ตก ตะเข็บไม่แตกแน่นหนา', 5, NULL),
(57, 'อังสะ สีกรักดำ ไซต์ XXL', 270, 100, 'กรักดำ.jfif', 'ผ้าซันฟอไรซ์อย่างดี สีไม่ตก ตะเข็บไม่แตกแน่นหนา', 5, NULL),
(58, 'อังสะ สีราชนิยม ไซต์ S', 165, 100, 'ราชนิยม.jfif', 'ผ้าซันฟอไรซ์อย่างดี สีไม่ตก ตะเข็บไม่แตกแน่นหนา', 5, NULL),
(59, 'อังสะ สีราชนิยม ไซต์ M', 190, 100, 'ราชนิยม.jfif', 'ผ้าซันฟอไรซ์อย่างดี สีไม่ตก ตะเข็บไม่แตกแน่นหนา', 5, NULL),
(60, 'อังสะ สีราชนิยม ไซต์ L', 200, 100, 'ราชนิยม.jfif', 'ผ้าซันฟอไรซ์อย่างดี สีไม่ตก ตะเข็บไม่แตกแน่นหนา', 5, NULL),
(61, 'อังสะ สีราชนิยม ไซต์ XL', 235, 100, 'ราชนิยม.jfif', 'ผ้าซันฟอไรซ์อย่างดี สีไม่ตก ตะเข็บไม่แตกแน่นหนา', 5, NULL),
(62, 'อังสะ สีราชนิยม ไซต์ XXL', 270, 100, 'ราชนิยม.jfif', 'ผ้าซันฟอไรซ์อย่างดี สีไม่ตก ตะเข็บไม่แตกแน่นหนา', 5, NULL),
(63, 'อังสะ สีส้มทอง ไซต์ S', 165, 100, 'ส้มทอง.jfif', 'ผ้าซันฟอไรซ์อย่างดี สีไม่ตก ตะเข็บไม่แตกแน่นหนา', 5, NULL),
(64, 'อังสะ สีส้มทอง ไซต์ M', 190, 100, 'ส้มทอง.jfif', 'ผ้าซันฟอไรซ์อย่างดี สีไม่ตก ตะเข็บไม่แตกแน่นหนา', 5, NULL),
(65, 'อังสะ สีส้มทอง ไซต์ L', 200, 100, 'ส้มทอง.jfif', 'ผ้าซันฟอไรซ์อย่างดี สีไม่ตก ตะเข็บไม่แตกแน่นหนา', 5, NULL),
(66, 'อังสะ สีส้มทอง ไซต์ XL', 235, 100, 'ส้มทอง.jfif', 'ผ้าซันฟอไรซ์อย่างดี สีไม่ตก ตะเข็บไม่แตกแน่นหนา', 5, NULL),
(67, 'อังสะ สีส้มทอง ไซต์ XXL', 270, 100, 'ส้มทอง.jfif', 'ผ้าซันฟอไรซ์อย่างดี สีไม่ตก ตะเข็บไม่แตกแน่นหนา', 5, NULL),
(68, 'ชุดไตร 9 ขันธ์ สีราชนิยมอ่อน ไซส์ S', 2770, 100, 'ชุดไตร 9 ขันธ์ ราชอ่อน.png', 'ชุดไตร 9 ขันธ์ ผ้าซัลฟลอไรซ์ ตะเข็บคู่ ครบชุด 7ชิ้น จีวร สังฆฏิ1ชั้น สีราชนิยมอ่อน ไซส์ S ขนาด 1.80X2.80 ม.', 5, NULL),
(69, 'ชุดไตร 9 ขันธ์ สีราชนิยมอ่อน ไซส์ M', 2830, 100, 'ชุดไตร 9 ขันธ์ ราชอ่อน.png', 'ชุดไตร 9 ขันธ์ ผ้าซัลฟลอไรซ์ ตะเข็บคู่ ครบชุด 7ชิ้น จีวร สังฆฏิ1ชั้น สีราชนิยมอ่อน ไซส์ M ขนาด 1.90X2.90 ม.', 5, NULL),
(70, 'ชุดไตร 9 ชันธ์ สีราชนิยมอ่อน ไซส์ L', 2900, 100, 'ชุดไตร 9 ขันธ์ ราชอ่อน.png', 'ชุดไตร 9 ขันธ์ ผ้าซัลฟลอไรซ์ ตะเข็บคู่ ครบชุด 7ชิ้น จีวร สังฆฏิ1ชั้น สีราชนิยมอ่อน ไซส์ L ขนาด 2X3 ม.', 5, NULL),
(71, 'ชุดไตร 9 ชันธ์ สีราชนิยมอ่อน ไซส์ XL', 2970, 100, 'ชุดไตร 9 ขันธ์ ราชอ่อน.png', 'ชุดไตร 9 ขันธ์ ผ้าซัลฟลอไรซ์ ตะเข็บคู่ ครบชุด 7ชิ้น จีวร สังฆฏิ1ชั้น สีราชนิยมอ่อน ไซส์ XL ขนาด 2.10X3.10 ม.', 5, NULL),
(72, 'ชุดไตร 9 ขันธ์ สีราชนิยมอ่อน ไซส์ XXL', 3030, 100, 'ชุดไตร 9 ขันธ์ ราชอ่อน.png', 'ชุดไตร 9 ขันธ์ ผ้าซัลฟลอไรซ์ ตะเข็บคู่ ครบชุด 7ชิ้น จีวร สังฆฏิ1ชั้น สีราชนิยมอ่อน ไซส์ XXL ขนาด 2.20X3.20 ม.', 5, NULL),
(73, 'ชุดไตร 9 ขันธ์ สีราชนิยมเข้ม ไซส์ S', 2770, 100, 'ชุดไตร 9 ขันธ์ ราชเข้ม.jfif', 'ชุดไตร 9 ขันธ์ ผ้าซัลฟลอไรซ์ ตะเข็บคู่ ครบชุด 7ชิ้น จีวร สังฆฏิ1ชั้น สีราชนิยมเข้ม ไซส์ S ขนาด 1.80X2.80 ม.', 5, NULL),
(74, 'ชุดไตร 9 ขันธ์ สีราชนิยมเข้ม ไซส์ M', 2830, 100, 'ชุดไตร 9 ขันธ์ ราชเข้ม.jfif', 'ชุดไตร 9 ขันธ์ ผ้าซัลฟลอไรซ์ ตะเข็บคู่ ครบชุด 7ชิ้น จีวร สังฆฏิ1ชั้น สีราชนิยมเข้ม ไซส์ M ขนาด 1.90X2.90 ม.', 5, NULL),
(75, 'ชุดไตร 9 ขันธ์ สีราชนิยมเข้ม ไซส์ L', 2900, 100, 'ชุดไตร 9 ขันธ์ ราชเข้ม.jfif', 'ชุดไตร 9 ขันธ์ ผ้าซัลฟลอไรซ์ ตะเข็บคู่ ครบชุด 7ชิ้น จีวร สังฆฏิ1ชั้น สีราชนิยมเข้ม ไซส์ L ขนาด 2X3 ม.', 5, NULL),
(76, 'ชุดไตร 9 ขันธ์ สีราชนิยมเข้ม ไซส์ XL', 2970, 100, 'ชุดไตร 9 ขันธ์ ราชเข้ม.jfif', 'ชุดไตร 9 ขันธ์ ผ้าซัลฟลอไรซ์ ตะเข็บคู่ ครบชุด 7ชิ้น จีวร สังฆฏิ1ชั้น สีราชนิยมเข้ม ไซส์ XL ขนาด 2.10X3.10 ม.', 5, NULL),
(77, 'ชุดไตร 9 ขันธ์ สีราชนิยมเข้ม ไซส์ XXL', 3030, 100, 'ชุดไตร 9 ขันธ์ ราชเข้ม.jfif', 'ชุดไตร 9 ขันธ์ ผ้าซัลฟลอไรซ์ ตะเข็บคู่ ครบชุด 7ชิ้น จีวร สังฆฏิ1ชั้น สีราชนิยมเข้ม ไซส์ XL ขนาด 2.20X3.20 ม.', 5, NULL),
(78, 'ชุดไตร 9 ขันธ์ สีส้มอ่อน ไซส์ S', 2770, 100, 'ชุดไตร 9 ขันธ์ ส้มอ่อน.jfif', 'ชุดไตร 9 ขันธ์ ผ้าซัลฟลอไรซ์ ตะเข็บคู่ ครบชุด 7ชิ้น จีวร สังฆฏิ1ชั้น สีส้มอ่อน ไซส์ S ขนาด 1.80X2.80 ม.', 5, NULL),
(79, 'ชุดไตร 9 ขันธ์ สีส้มอ่อน ไซส์ M', 2830, 100, 'ชุดไตร 9 ขันธ์ ส้มอ่อน.jfif', 'ชุดไตร 9 ขันธ์ ผ้าซัลฟลอไรซ์ ตะเข็บคู่ ครบชุด 7ชิ้น จีวร สังฆฏิ1ชั้น สีส้มอ่อน ไซส์ M ขนาด 1.90X2.90 ม.', 5, NULL),
(80, 'ชุดไตร 9 ขันธ์ สีส้มอ่อน ไซส์ L', 2900, 100, 'ชุดไตร 9 ขันธ์ ส้มอ่อน.jfif', 'ชุดไตร 9 ขันธ์ ผ้าซัลฟลอไรซ์ ตะเข็บคู่ ครบชุด 7ชิ้น จีวร สังฆฏิ1ชั้น สีส้มอ่อน ไซส์ L ขนาด 2X3 ม.', 5, NULL),
(81, 'ชุดไตร 9 ขันธ์ สีส้มอ่อน ไซส์ XL', 2970, 100, 'ชุดไตร 9 ขันธ์ ส้มอ่อน.jfif', 'ชุดไตร 9 ขันธ์ ผ้าซัลฟลอไรซ์ ตะเข็บคู่ ครบชุด 7ชิ้น จีวร สังฆฏิ1ชั้น สีส้มอ่อน ไซส์ XL ขนาด 2.10X3.10 ม.', 5, NULL),
(82, 'ชุดไตร 9 ขันธ์ สีส้มอ่อน ไซส์ XXL', 3030, 100, 'ชุดไตร 9 ขันธ์ ส้มอ่อน.jfif', 'ชุดไตร 9 ขันธ์ ผ้าซัลฟลอไรซ์ ตะเข็บคู่ ครบชุด 7ชิ้น จีวร สังฆฏิ1ชั้น สีส้มอ่อน ไซส์ XXL  ขนาด 2.20X3.20 ม.', 5, NULL),
(83, 'ชุดไตร 9 ขันธ์ สีส้มเข้ม ไซส์ S', 2770, 100, 'ชุดไตร 9 ขันธ์ ส้มเข้ม.jfif', 'ชุดไตร 9 ขันธ์ ผ้าซัลฟลอไรซ์ ตะเข็บคู่ ครบชุด 7ชิ้น จีวร สังฆฏิ1ชั้น สีส้มเข้ม ไซส์ S ขนาด 1.80X2.80 ม.', 5, NULL),
(84, 'ชุดไตร 9 ขันธ์ สีส้มเข้ม ไซส์ M', 2830, 100, 'ชุดไตร 9 ขันธ์ ส้มเข้ม.jfif', 'ชุดไตร 9 ขันธ์ ผ้าซัลฟลอไรซ์ ตะเข็บคู่ ครบชุด 7ชิ้น จีวร สังฆฏิ1ชั้น สีส้มเข้ม ไซส์ M ขนาด 1.90X2.90 ม.', 5, NULL),
(85, 'ชุดไตร 9 ขันธ์ สีส้มเข้ม ไซส์ L', 2900, 100, 'ชุดไตร 9 ขันธ์ ส้มเข้ม.jfif', 'ชุดไตร 9 ขันธ์ ผ้าซัลฟลอไรซ์ ตะเข็บคู่ ครบชุด 7ชิ้น จีวร สังฆฏิ1ชั้น สีส้มเข้ม ไซส์ L ขนาด 2X3 ม.', 5, NULL),
(86, 'ชุดไตร 9 ขันธ์ สีส้มเข้ม ไซส์ XL', 2970, 100, 'ชุดไตร 9 ขันธ์ ส้มเข้ม.jfif', 'ชุดไตร 9 ขันธ์ ผ้าซัลฟลอไรซ์ ตะเข็บคู่ ครบชุด 7ชิ้น จีวร สังฆฏิ1ชั้น สีส้มเข้ม ไซส์ XL ขนาด 2.10X3.10 ม.', 5, NULL),
(87, 'ชุดไตร 9 ขันธ์ สีส้มเข้ม ไซส์ XXL', 3030, 100, 'ชุดไตร 9 ขันธ์ ส้มเข้ม.jfif', 'ชุดไตร 9 ขันธ์ ผ้าซัลฟลอไรซ์ ตะเข็บคู่ ครบชุด 7ชิ้น จีวร สังฆฏิ1ชั้น สีส้มเข้ม ไซส์ XXL ขนาด 2.20X3.20 ม.', 5, NULL),
(88, 'ชุดไตร 9 ขันธ์ สีแก่นบวร ไซส์ S', 2770, 100, 'ชุดไตร 9 ขันธ์ แก่นขนุน.jfif', 'ชุดไตร 9 ขันธ์ ผ้าซัลฟลอไรซ์ ตะเข็บคู่ ครบชุด 7ชิ้น จีวร สังฆฏิ1ชั้น สีแก่นบวร ไซส์ S ขนาด 1.80X2.80 ม.', 5, NULL),
(89, 'ชุดไตร 9 ขันธ์ สีแก่นบวร ไซส์ M', 2830, 100, 'ชุดไตร 9 ขันธ์ แก่นขนุน.jfif', 'ชุดไตร 9 ขันธ์ ผ้าซัลฟลอไรซ์ ตะเข็บคู่ ครบชุด 7ชิ้น จีวร สังฆฏิ1ชั้น สีแก่นบวร ไซส์ M ขนาด 1.90X2.90 ม.', 5, NULL),
(90, 'ชุดไตร 9 ขันธ์ สีแก่นบวร ไซส์ L', 2900, 100, 'ชุดไตร 9 ขันธ์ แก่นขนุน.jfif', 'ชุดไตร 9 ขันธ์ ผ้าซัลฟลอไรซ์ ตะเข็บคู่ ครบชุด 7ชิ้น จีวร สังฆฏิ1ชั้น สีแก่นบวร ไซส์ L ขนาด 2X3 ม.', 5, NULL),
(91, 'ชุดไตร 9 ขันธ์ สีแก่นบวร ไซส์ XL', 2970, 100, 'ชุดไตร 9 ขันธ์ แก่นขนุน.jfif', 'ชุดไตร 9 ขันธ์ ผ้าซัลฟลอไรซ์ ตะเข็บคู่ ครบชุด 7ชิ้น จีวร สังฆฏิ1ชั้น สีแก่นบวร ไซส์ XL ขนาด 2.10X3.10 ม.', 5, NULL),
(92, 'ชุดไตร 9 ขันธ์ สีแก่นบวร ไซส์ XXL', 3030, 100, 'ชุดไตร 9 ขันธ์ แก่นขนุน.jfif', 'ชุดไตร 9 ขันธ์ ผ้าซัลฟลอไรซ์ ตะเข็บคู่ ครบชุด 7ชิ้น จีวร สังฆฏิ1ชั้น สีแก่นบวร ไซส์ XXL ขนาด 2.20X3.20 ม.', 5, NULL),
(93, 'ย่าม สีพระราชทาน', 239, 100, 'ย่าม พระราชทาน ผ้าโทเรหนา.png', 'ย่ามสีพระราชทาน ผ้าโทเรหนา ขนาด 15 นิ้ว', 5, NULL),
(94, 'ย่าม สีแก่นบวร', 239, 100, 'ย่าม แก่นบวช ผ้าโทเรหนา.png', 'ย่าม สีแก่นบวช ผ้าโทเรหนา ขนาด 15 นิ้ว', 5, NULL),
(95, 'ย่าม สีกรักดำ', 239, 100, 'ย่าม กรักดำ ผ้าโทเรหนา.png', 'ย่าม สีกรักดำ ผ้าโทเรหนา ขนาด 15 นิ้ว', 5, NULL),
(96, 'ตาลปัตร สีครีม', 320, 100, 'ตาลปัตร ขาว.jfif', 'ตาลปัตร ตาลปัตรปัก (พร้อมด้าม) ตาลปัตรปักอุปสมบท ตาลปัตรพระ ตาลปัตรงานบวช สีครีม', 6, NULL),
(97, 'ตาลปัตร สีราชนิยม', 320, 100, 'ตาลปัตร ราชนิยม.jfif', 'ตาลปัตร ตาลปัตรปัก (พร้อมด้าม) ตาลปัตรปักอุปสมบท ตาลปัตรพระ ตาลปัตรงานบวช สีราชนิยม', 6, NULL),
(98, 'ตาลปัตร สีเหลือง', 320, 100, 'ตาลปัตร เหลือง.jfif', 'ตาลปัตร ตาลปัตรปัก (พร้อมด้าม) ตาลปัตรปักอุปสมบท ตาลปัตรพระ ตาลปัตรงานบวช สีเหลือง', 6, NULL),
(99, 'ตาลปัตร สีทอง', 320, 100, 'ตาลปัตร ทอง.jfif', 'ตาลปัตร ตาลปัตรปัก (พร้อมด้าม) ตาลปัตรปักอุปสมบท ตาลปัตรพระ ตาลปัตรงานบวช สีทอง', 6, NULL),
(100, 'ตาลปัตร สีเขียว', 320, 100, 'ตาลปัตร เขียว.jfif', 'ตาลปัตร ตาลปัตรปัก (พร้อมด้าม) ตาลปัตรปักอุปสมบท ตาลปัตรพระ ตาลปัตรงานบวช สีเขียว', 6, NULL),
(101, 'ตาลปัตร สีม่วง', 320, 100, 'ตาลปัตร ม่วง.jfif', 'ตาลปัตร ตาลปัตรปัก (พร้อมด้าม) ตาลปัตรปักอุปสมบท ตาลปัตรพระ ตาลปัตรงานบวช สีม่วง', 6, NULL),
(102, 'อาสนะ  สีแก่นบวช', 690, 100, 'แก่นบวช.jfif', 'อาสนะ เบาะรองนั่งสมาธิ เบาะรองนั่ง เบาะนั่ง ยางพาราแท้ ความหนา 2 นิ่ว', 8, NULL),
(103, 'อาสนะ สีแก่นขนุน', 690, 100, 'พาราแก่นขนุน.jfif', 'อาสนะ เบาะรองนั่งสมาธิ เบาะรองนั่ง เบาะนั่ง ยางพาราแท้ ความหนา 2 นิ่ว', 8, NULL),
(104, 'อาสนะ สีกรักดำ', 690, 100, 'พารากรักดำ.jfif', 'อาสนะ เบาะรองนั่งสมาธิ เบาะรองนั่ง เบาะนั่ง ยางพาราแท้ ความหนา 2 นิ่ว', 8, NULL),
(105, 'อาสนะ  สีพระราชนิยมเข้ม', 690, 100, 'พระราชเข้ม.jfif', 'อาสนะ เบาะรองนั่งสมาธิ เบาะรองนั่ง เบาะนั่ง ยางพาราแท้ ความหนา 2 นิ่ว', 8, NULL),
(106, 'อาสนะหลุยส์', 180, 100, 'อาสนะหลุยส์.jfif', 'อาสนะ เบาะรองนั่งสมาธิ เบาะรองนั่ง เบาะนั่ง', 8, NULL),
(107, 'บาตร สีแก่นขนุน 8 นื้ว', 1450, 100, 'บาตรถัก สีแก่นขนุน.jfif', 'บาตรพระถลกถักไหมพรมพร้อมบวช ขนาด 8 นิ้ว', 4, NULL),
(108, 'บาตร สีแก่นขนุน 8.5 นื้ว', 1590, 100, 'บาตรถัก สีแก่นขนุน.jfif', 'บาตรพระถลกถักไหมพรมพร้อมบวช ขนาด 8.5 นิ้ว', 4, NULL),
(109, 'บาตร สีแก่นขนุน 9 นื้ว', 1690, 100, 'บาตรถัก สีแก่นขนุน.jfif', 'บาตรพระถลกถักไหมพรมพร้อมบวช ขนาด 9 นิ้ว', 4, NULL),
(110, 'บาตร สีพระราชนิยม 8 นื้ว', 1450, 100, 'บาตรถัก สีพระราชนิยม.jfif', 'บาตรพระถลกถักไหมพรมพร้อมบวช 8 นิ้ว', 4, NULL),
(111, 'บาตร สีพระราชนิยม 8.5 นื้ว', 1590, 100, 'บาตรถัก สีพระราชนิยม.jfif', 'บาตรพระถลกถักไหมพรมพร้อมบวช 8.5 นิ่ว', 4, NULL),
(112, 'บาตร สีพระราชนิยม 9 นื้ว', 1690, 100, 'บาตรถัก สีพระราชนิยม.jfif', 'บาตรพระถลกถักไหมพรมพร้อมบวช 9 นิ้ว', 4, NULL),
(113, 'แผ่นแปะเจลลดไข้ Koolfever', 41, 100, 'เจลลดไข.jfif', 'คูลฟีเวอร์ แผ่นเจลลดไข้ สำหรับผู้ใหญ่สูตรให้ความเย็น 3 เท่า ลดความร้อน ด้วยวิธีธรรมชาติ ติดแน่น ไม่เหนียวเหนอะหนะ ให้ประสิทธิภาพยาวการใช้งานยาวนานประมาณ 8 ชั่วโมง ใบอนุญาตโฆษณาเลขที่  ฆพ.961/2566', 2, NULL),
(114, 'เน็กซ์แคร์ หน้ากากอนามัย', 99, 100, 'เมสเขียว.jfif', 'เน็กซ์แคร์ หน้ากากอนามัยทางการแพทย์ 3 ชั้น 50 ชิ้น', 2, NULL),
(115, 'หน้ากากอนามัยสีดำ', 99, 100, 'เมสฃ.jfif', 'หน้ากากอนามัยทางการแพทย์ แมสก์ปิดปาก แมสก์ปิดจมูก สีดํา รุ่น LoveMask Black 50 ชิ้น', 2, NULL),
(116, 'Zam-Buk', 24, 100, 'แซมบัค.jfif', 'แซมบัค ชนิดขี้ผึ้ง บรรเทาอาการ แมลงกัดต่อยหรือปวดเมื่อยกล้ามเนื้อ', 2, NULL),
(117, 'แอลกอฮอล์', 30, 100, 'แอลกอฮอ.jfif', 'แอลกอฮอล์70% ศิริบัญชา 60 CC ขวดเล็ก |', 2, NULL),
(118, 'น้ำเกลือ', 35, 100, 'น้ำเกลือ.jfif', 'น้ำเกลือ Klean & Kare 100ml น้ำเกลือล้างแผล ล้างจมูก', 2, NULL),
(119, 'TIGERPLAST พลาสเตอร์กันน้ำ', 38, 100, 'พลาเตอร์กัดน้ำ.jfif', 'TIGERPLAST พลาสเตอร์กันน้ำ (22x72มม.) 15แผ่น/กล่อง', 2, NULL),
(120, 'SOS PLUS พลาสเตอร์ใสกันน้ำ', 29, 100, 'พลาเตอร์กันน้ำ.jfif', 'SOS PLUS พลาสเตอร์ใสกันน้ำT2 3แผ่น', 2, NULL),
(121, 'Tylenol ไทลินอล 500', 15, 100, 'พารา ไทลินอล.jfif', 'Tylenol ไทลินอล 500 mg 10 เม็ด', 2, NULL),
(122, 'BAKAMOL ยาพาราเซตามอล 500 มก.', 15, 120, 'พารา บาคามอล.jfif', 'BAKAMOL ยาพาราเซตามอล 500 มก. เม็ดสีเหลือง บรรเทาอาการปวด ลดไข้', 2, NULL),
(123, 'ยาน้ำแก้ไอโยคี 60 ml', 27, 100, 'ยาแก้ไอ โยคี.jfif', 'ยาน้ำแก้ไอโยคี 60 ml', 2, NULL),
(124, 'แก้ไอน้ำดำตราเสือดาว', 45, 100, 'ยาแก้ไอ น้ำดำ.jfif', 'แก้ไอน้ำดำตราเสือดาว 120 มล.', 2, NULL),
(125, 'ซอฟเฟล สเปรย์กันยุง', 35, 100, 'ยากัดยุ้ง.jfif', 'ซอฟเฟล สเปรย์กันยุง กลิ่นฟลอร่า 30 มล.', 2, NULL),
(126, 'เซียงเพียว รีลีฟ', 59, 100, 'ยานวด.jfif', 'เซียงเพียว รีลีฟ ขนาด 62 กรัม', 2, NULL),
(127, 'มาล็อกซ์ อะลั่มมิ้ลค์ 10 คะแนน', 89, 100, 'ยาลดกรน.jfif', 'เป็นยาสามัญประจำบ้าน สรรพคุณ บรรเทาอาการจุกเสียด ท้องขึ้น ท้องเฟ้อ และปวดท้องเนื่องจากมีกรดมากในกระเพาะอาหารหรือแผลในกระเพาะอาหาร และลำไส้', 2, NULL),
(128, 'ยาหม่องน้ำถ้วยทอง', 25, 100, 'ยาหม่องน้ำ.jfif', 'Golden Cup ยาหม่องน้ำถ้วยทอง ขนาด 3 cc', 2, NULL),
(129, 'โพรโพลิซมิกส์', 35, 100, 'ยาอมแก้ไอ.jfif', 'โพรโพลิซมิกส์ Propoliz Mix Xylitol ไซลิทอล โพรโพลิส พรอสโพลิส ชนิดเม็ดอมลำหรับลำคอและช่องปาก 1 ซองบรรจุ 15 เม็ด', 2, NULL),
(130, 'Karisma แคริสม่า สำลีแผ่นรีดขอบ', 19, 100, 'th-11134207-7r98z-lvvbdb0bxxov7e.jfif', 'Karisma แคริสม่า สำลีแผ่นรีดขอบห่อละ 50 แผ่น ซื้อ 1 ห่อ แถม 1 ห่อ', 2, NULL),
(131, 'Betadine Solution HR', 59, 100, 'sg-11134201-7qve3-lfdmkmg9hv1e9e.jfif', 'Betadine Solution HR เบตาดีน ยารักษาแผลสด 15 มล.', 2, NULL),
(132, 'ขาบาตร สีครีม กลาง', 179, 100, 'ขาบาตร เนื้อ.jfif', 'ขาบาตร บาตรพระ ทำจากไม้ไผ่ผสมหวาย อย่างดี AA Premium', 4, NULL),
(133, 'ขาบาตร สีครีม ใหญ่', 200, 100, 'ขาบาตร เนื้อ.jfif', 'ขาบาตร บาตรพระ ทำจากไม้ไผ่ผสมหวาย อย่างดี AA Premium', 4, NULL),
(134, 'ขาบาตร สีดำ กลาง', 179, 100, 'ขาบาตร ดำ.jfif', 'ขาบาตร บาตรพระ ทำจากไม้ไผ่ผสมหวาย อย่างดี AA Premium', 4, NULL),
(135, 'ขาบาตร สีดำ ใหญ่', 200, 100, 'ขาบาตร ดำ.jfif', 'ขาบาตร บาตรพระ ทำจากไม้ไผ่ผสมหวาย อย่างดี AA Premium', 4, NULL),
(136, 'ขาบาตร สีน้ำตาล กลาง', 179, 100, 'ขาบาตร น้ำตาล.jfif', 'ขาบาตร บาตรพระ ทำจากไม้ไผ่ผสมหวาย อย่างดี AA Premium', 4, NULL),
(137, 'ขาบาตร สีน้ำตาล ใหญ่', 200, 100, 'ขาบาตร น้ำตาล.jfif', 'ขาบาตร บาตรพระ ทำจากไม้ไผ่ผสมหวาย อย่างดี AA Premium', 4, NULL),
(138, 'กาแฟเขาช่อง 3 in 1', 99, 100, 'เขาช่อง เอสเปรสโช่.png', 'กาแฟเขาช่อง คอฟฟี่มิกซ์ 3in1 เอสเปรสโซ่  18 กรัมx25ซอง', 1, NULL),
(139, 'กาแฟเขาช่อง 3 in 1', 99, 100, 'เขาช่อง คาปูชิโน.png', 'กาแฟเขาช่อง คอฟฟี่มิกซ์ 3in1 คาปูชิโน  18 กรัมx25ซอง', 1, NULL),
(140, 'กาแฟเขาช่อง 3 in 1', 99, 100, 'เขาช่อง ซุปเปอร์ริส.png', 'กาแฟเขาช่อง คอฟฟี่มิกซ์ 3in1 ซุปเปอร์ริส  18 กรัมx25ซอง', 1, NULL),
(141, 'กาแฟเขาช่อง 3 in 1', 99, 100, 'เขาช่อง มอคค่า.png', 'กาแฟเขาช่อง คอฟฟี่มิกซ์ 3in1 มอคค่า  18 กรัมx25ซอง', 1, NULL),
(142, 'โอวัลติน Ovaltine 3 อิน​ 1', 10, 100, 'โอวัลติน.jfif', 'อวัลติน Ovaltine 3 อิน​ 1 ขนาด 29 กรัม', 1, NULL),
(143, 'ไมโล 3 อิน​ 1', 10, 100, 'ไมโล.jpg', 'ไมโล milo 3 อิน​ 1 ขนาด 29 กรัม', 1, NULL),
(144, 'เนสกาแฟ เบลนด์ แอนด์ บรู', 210, 100, 'ชองเนสกาแฟ เขียว.jpg', 'เนสกาแฟ เบลนด์ แอนด์ บรู เอสเปรสโซ 3อิน1', 1, NULL),
(145, 'เนสกาแฟ เบลนด์ แอนด์ บรู', 210, 100, 'ชองเนสกาแฟ แดง.jfif', 'เนสกาแฟ เบลนด์ แอนด์ บรู ริช อโรม่า', 1, NULL),
(146, 'เนสกาแฟ เบลนด์ แอนด์ บรู', 210, 100, 'ชองเนสกาแฟ ม่วง.jpg', 'เนสกาแฟ เบลนด์ แอนด์ บรู กาแฟปรุงสำเร็จ สูตรน้ำตาลน้อย', 1, NULL),
(147, 'โรซ่า ปลาแมคเคอเรล', 29, 100, '150 ราดพริก.png', 'โรซ่า ปลาแมคเคอเรลทอดราดพริก', 1, NULL),
(148, 'โรซ่า ปลาแมคเคอเรล', 29, 100, '150 หม่าล่า.png', 'โรซ่า ปลาแมคเคอเรลทอดหม่าล่า', 1, NULL),
(149, 'ไฮคิวปลาแมคเคอเรล', 19, 100, '155 ไฮคิว.png', 'ไฮคิวปลาแมคเคอเรลในซอสมะเขือเทศฝาดึง 155กรัม', 1, NULL),
(150, 'โรซ่า ปลาซาร์ดีน', 19, 100, '155 ปลาซสร์ดีน.png', 'โรซ่า ปลาซาร์ดีนในซอสมะเขือเทศ 155 ก.', 1, NULL),
(151, 'โรซ่า ปลาแมคเคอเรล', 19, 100, '155.png', 'โรซ่า ปลาแมคเคอเรลในซอสมะเขือเทศ ฝาดึง 155 ก.', 1, NULL),
(152, 'โรซ่า ทูน่าก้อนในน้ำเกลือ', 29, 100, '185 ทูน่าน้ำเกลือ.png', 'โรซ่า ทูน่าก้อนในน้ำเกลือ 185 ก.', 1, NULL),
(153, 'โรซ่า ทูน่าก้อนในน้ำมันพืช', 39, 100, '185 ทูน่าน้ำมัน.png', 'โรซ่า ทูน่าก้อนในน้ำมันพืช 185 กรัม', 1, NULL),
(154, 'โรซ่า ปลาแมคเคอเรล', 23, 100, '190.png', 'โรซ่า ปลาแมคเคอเรลในซอสมะเขือเทศ ฝาดึง 185 ก', 1, NULL),
(155, 'ข้าวแห้ง bibimbap ok', 48, 100, 'ข้าวแห้ง บิบิมบับ.jfif', 'มาม่า โอเค ข้าวผัดกิมจิ ข้าวยำบิบิมบับ แบบซองสำเร็จรูป', 1, NULL),
(156, 'ข้าวแห้ง kimchi ok', 48, 100, 'ข้าวแห้ง ผัดกิมจิ.jfif', 'มาม่า โอเค ข้าวผัดกิมจิ ข้าวยำบิบิมบับ แบบซองสำเร็จรูป', 1, NULL),
(157, 'มาม่า บะหมี่ถ้วยกึ่งสำเร็จรูป', 20, 100, 'คัพ ok ไข่เค็ม.png', 'มาม่า บะหมี่ถ้วยกึ่งสำเร็จรูป ออเรียนทัลคิตเช่น รสผัดไข่เค็ม แบบแห้ง 80 ก.', 1, NULL),
(158, 'มาม่า บะหมี่ถ้วยกึ่งสำเร็จรูป', 20, 100, 'คัพ ok สไปซี่ซี่ฟูดส์.png', 'มาม่าคัพบะหมี่กึ่งสำเร็จรูปออเรียลทัลคิตเซ่นรสสไปซี่ซีฟู้ดส์', 1, NULL),
(159, 'มาม่า บะหมี่ถ้วยกึ่งสำเร็จรูป', 20, 100, 'คัพ ok ฮอตแอนด์สไปซี่.png', 'มาม่าคัพ ออเรียนทัล รสฮอตแอนด์สไปซี่', 1, NULL),
(160, 'มาม่า บะหมี่ถ้วยกึ่งสำเร็จรูป', 20, 100, 'คัพ ok ฮอตโคเรียน.png', 'มาม่าคัพ OK รสฮอตโคเรียน ขนาด 80 กรัม', 1, NULL),
(161, 'มาม่าคัพ บะหมี่กึ่งสำเร็จรูป', 15, 100, 'คัพเขียวหนาว.png', 'มาม่าคัพ บะหมี่กึ่งสำเร็จรูป รสแกงเขียวหวานไก่', 1, NULL),
(162, 'มาม่าคัพ บะหมี่กึ่งสำเร็จรูป', 15, 100, 'คัพเขียวหวานพัดไข่เต็ม.png', 'มาม่าคัพฟิวชั่นรสแกงเขียวหวานไก่และรสผัดไข่เค็มแบบแห้ง', 1, NULL),
(163, 'มาม่าคัพ บะหมี่กึ่งสำเร็จรูป', 15, 100, 'คัพเป็ดพะโล้.png', 'มาม่า คัพ บะหมี่ถ้วยกึ่งสำเร็จรูป รสเป็ดพะโล้', 1, NULL),
(164, 'มาม่าคัพ บะหมี่กึ่งสำเร็จรูป', 20, 100, 'คัพต้นยำ.png', 'มาม่าคัพ บะหมี่กึ่งสำเร็จรูป รสต้มยำ', 0, NULL),
(165, 'มาม่าคัพ บะหมี่กึ่งสำเร็จรูป', 20, 100, 'คัพต้นยำน้ำข้น.png', 'มาม่าคัพ บะหมี่กึ่งสำเร็จรูป รสต้มยำกุ้งน้ำข้น', 1, NULL),
(166, 'มาม่าคัพ บะหมี่กึ่งสำเร็จรูป', 20, 100, 'คัพหมุสับ.png', 'มาม่าคัพ บะหมี่กึ่งสำเร็จรูป หมูสับ', 1, NULL),
(167, 'มาม่า บะหมี่กึ่งสำเร็จรูป', 7, 100, 'ชองต้นยำ.png', 'มาม่า บะหมี่กึ่งสำเร็จรูป ต้มยำ', 0, 1),
(168, 'มาม่า บะหมี่กึ่งสำเร็จรูป', 7, 100, 'ชองต้นยำน้ำข้น.jpg', 'มาม่า บะหมี่กึ่งสำเร็จรูปต้มยำน้ำข้น', 1, NULL),
(169, 'มาม่า บะหมี่กึ่งสำเร็จรูป', 7, 100, 'ชองต้นยำ.png', 'มาม่า บะหมี่กึ่งสำเร็จรูปต้มยำ', 1, NULL),
(170, 'มาม่า บะหมี่กึ่งสำเร็จรูป', 7, 100, 'ชองหมูลับ.png', 'มาม่า บะหมี่กึ่งสำเร็จรูปหมูสับต้มยำ', 1, NULL),
(171, 'มาม่า บะหมี่กึ่งสำเร็จรูป', 7, 100, 'ชองเขียวหวาน.png', 'มาม่า บะหมี่กึ่งสำเร็จรูปมาม่าแกงเขียวหวาน', 1, NULL),
(172, 'มาม่า บะหมี่กึ่งสำเร็จรูป', 7, 100, 'ชองหมูสับต้นยำ.jpg', 'มาม่า บะหมี่กึ่งสำเร็จรูปหมูสับต้มยำ', 1, NULL);

-- --------------------------------------------------------

--
-- Table structure for table `product_type`
--

CREATE TABLE `product_type` (
  `pd_type_ID` int(11) NOT NULL,
  `pd_type_name` varchar(255) NOT NULL
) ENGINE=InnoDB DEFAULT CHARSET=utf8mb4 COLLATE=utf8mb4_general_ci;

--
-- Dumping data for table `product_type`
--

INSERT INTO `product_type` (`pd_type_ID`, `pd_type_name`) VALUES
(1, 'อาหารแห้ง'),
(2, 'ยา'),
(3, 'ของใช้ส่วนตัว'),
(4, 'บาตร'),
(5, 'ผ้าไตรจีวร'),
(6, 'ตาลปัตร'),
(8, 'อาสนะ');

-- --------------------------------------------------------

--
-- Table structure for table `status`
--

CREATE TABLE `status` (
  `sta_ID` int(11) NOT NULL,
  `sta_name` varchar(50) NOT NULL
) ENGINE=InnoDB DEFAULT CHARSET=utf8mb4 COLLATE=utf8mb4_general_ci;

--
-- Dumping data for table `status`
--

INSERT INTO `status` (`sta_ID`, `sta_name`) VALUES
(1, 'owner'),
(2, 'admin'),
(3, 'user');

-- --------------------------------------------------------

--
-- Table structure for table `user`
--

CREATE TABLE `user` (
  `user_ID` int(11) NOT NULL,
  `username` varchar(50) NOT NULL,
  `password` varchar(255) NOT NULL,
  `f_name` varchar(255) NOT NULL,
  `l_name` varchar(255) NOT NULL,
  `address` text DEFAULT NULL,
  `tel` varchar(20) NOT NULL,
  `email` varchar(50) NOT NULL,
  `sta_ID` int(11) NOT NULL,
  `reset_token` varchar(255) DEFAULT NULL,
  `token_expire` datetime DEFAULT NULL
) ENGINE=InnoDB DEFAULT CHARSET=utf8mb4 COLLATE=utf8mb4_general_ci;

--
-- Dumping data for table `user`
--

INSERT INTO `user` (`user_ID`, `username`, `password`, `f_name`, `l_name`, `address`, `tel`, `email`, `sta_ID`, `reset_token`, `token_expire`) VALUES
(2, 'test1', '$2y$10$hXxDdoIIvE2SAyV3FQqHq.Y5r2IJIvRmAfMY7ke3jPWubkgCAwtSe', 'เจษฎา', 'ผสมทรัพย์', '216/55 ม.10', '0829156516', 'jedsada.pas@rmutto.ac.th', 3, 'ae349875bf464ee5deac8953c048a107b17734077f076eb454a5b33e9a54ea30cbbfb11ad03c09c7e9a1455cfb0871d88615', '2024-06-01 17:35:39'),
(3, 'test2', '$2y$10$Q98/rrTNazkBVJrEgW5KzuzapsO0XWxrgKMl0EOZeV4k1qRRIf5EO', 'เจษฎา', 'ผสมทรัพย์', 'ฟหกฟหกฟหกฟหก', '0829156516', 'thetaza10@gmail.com', 3, '1ae8dc3b2e31723cff94c3818ca1769196eec326780928c6de6ee076965405d5bd1b3a376be386fa91ee0898233faeda8d3e', '2024-05-28 14:06:09'),
(4, 'admin', '$2y$10$F6R3mGtOSTvvcjP9WX5sf.dpYxAgs0t3v5gRWmH8kk4F.Pjni1TK6', 'ขวัญดี', 'สมบัติกำไร', '216/55 ม.10', '0881958273', 'kanyada.som@rmutto.ac.th', 2, NULL, NULL),
(5, 'owner', '$2y$10$YPAbGKjPbZlry/3q8ActN.1GHF8cds7w2tXOfM1k8hz58TzmttvZa', 'owner', 'owner', 'adadsasdasd', '0881958273', 'kanyada.som@rmutto.ac.th', 1, NULL, NULL),
(6, 'ddd', '$2y$10$76reXBRsC./iCs6BWbBiAub.kqsjiV7SIbbuWBwpgEDOXcallYLc2', 'ddd', 'ddd', 'ssss', '0942324293', 'sss', 3, NULL, NULL),
(7, 'jedsada', '$2y$10$.TZVVJMo3VEGzaEgH858yef2Iu0aR8lpB36wWsmQ5KkRwJ3QKm3nO', 'Jedsada', 'pasomsup', '216/55 ม.10', '0829156516', 'jedsada.pas@rmutto.ac.th', 3, NULL, NULL);

--
-- Indexes for dumped tables
--

--
-- Indexes for table `bank`
--
ALTER TABLE `bank`
  ADD PRIMARY KEY (`bank_ID`);

--
-- Indexes for table `days`
--
ALTER TABLE `days`
  ADD PRIMARY KEY (`days_ID`);

--
-- Indexes for table `news`
--
ALTER TABLE `news`
  ADD PRIMARY KEY (`news_ID`);

--
-- Indexes for table `orders`
--
ALTER TABLE `orders`
  ADD PRIMARY KEY (`or_ID`);

--
-- Indexes for table `or_detail`
--
ALTER TABLE `or_detail`
  ADD PRIMARY KEY (`or_d_id`,`product_ID`);

--
-- Indexes for table `or_status`
--
ALTER TABLE `or_status`
  ADD PRIMARY KEY (`or_sta_ID`);

--
-- Indexes for table `products`
--
ALTER TABLE `products`
  ADD PRIMARY KEY (`product_ID`);

--
-- Indexes for table `product_type`
--
ALTER TABLE `product_type`
  ADD PRIMARY KEY (`pd_type_ID`);

--
-- Indexes for table `status`
--
ALTER TABLE `status`
  ADD PRIMARY KEY (`sta_ID`);

--
-- Indexes for table `user`
--
ALTER TABLE `user`
  ADD PRIMARY KEY (`user_ID`);

--
-- AUTO_INCREMENT for dumped tables
--

--
-- AUTO_INCREMENT for table `bank`
--
ALTER TABLE `bank`
  MODIFY `bank_ID` int(11) NOT NULL AUTO_INCREMENT, AUTO_INCREMENT=5;

--
-- AUTO_INCREMENT for table `days`
--
ALTER TABLE `days`
  MODIFY `days_ID` int(11) NOT NULL AUTO_INCREMENT, AUTO_INCREMENT=56;

--
-- AUTO_INCREMENT for table `news`
--
ALTER TABLE `news`
  MODIFY `news_ID` int(11) NOT NULL AUTO_INCREMENT, AUTO_INCREMENT=13;

--
-- AUTO_INCREMENT for table `orders`
--
ALTER TABLE `orders`
  MODIFY `or_ID` int(11) NOT NULL AUTO_INCREMENT, AUTO_INCREMENT=3;

--
-- AUTO_INCREMENT for table `or_status`
--
ALTER TABLE `or_status`
  MODIFY `or_sta_ID` int(11) NOT NULL AUTO_INCREMENT, AUTO_INCREMENT=6;

--
-- AUTO_INCREMENT for table `products`
--
ALTER TABLE `products`
  MODIFY `product_ID` int(11) NOT NULL AUTO_INCREMENT, AUTO_INCREMENT=173;

--
-- AUTO_INCREMENT for table `product_type`
--
ALTER TABLE `product_type`
  MODIFY `pd_type_ID` int(11) NOT NULL AUTO_INCREMENT, AUTO_INCREMENT=9;

--
-- AUTO_INCREMENT for table `status`
--
ALTER TABLE `status`
  MODIFY `sta_ID` int(11) NOT NULL AUTO_INCREMENT, AUTO_INCREMENT=4;

--
-- AUTO_INCREMENT for table `user`
--
ALTER TABLE `user`
  MODIFY `user_ID` int(11) NOT NULL AUTO_INCREMENT, AUTO_INCREMENT=9;
COMMIT;

/*!40101 SET CHARACTER_SET_CLIENT=@OLD_CHARACTER_SET_CLIENT */;
/*!40101 SET CHARACTER_SET_RESULTS=@OLD_CHARACTER_SET_RESULTS */;
/*!40101 SET COLLATION_CONNECTION=@OLD_COLLATION_CONNECTION */;
